user_id,created_at,last_ad_context
bob,2024-01-01,sleep
alice,2024-01-31,biblestudy
charlie,2024-01-16,anxiety
u_29261a464113,2024-01-04,biblestudy
u_ada0129d816c,2024-01-14,generic
u_3282136d31a0,2024-02-24,sleep
u_00da2074a976,2024-03-18,sleep
u_eabd40264a5e,2024-03-10,biblestudy
u_ee2c792d0997,2024-01-01,anxiety
u_3f23ec3b012b,2024-02-05,generic
u_5a9ee3f23589,2024-01-12,anxiety
u_99f5543a4c11,2024-02-03,anxiety
u_377c557f532d,2024-02-18,biblestudy
u_01d27dc2088f,2024-02-16,biblestudy
u_04bb71efca63,2024-01-30,generic
u_2f4930788d9f,2024-01-13,biblestudy
u_6d0ba34f965d,2024-01-21,anxiety
u_8b1a84c0116b,2024-03-28,anxiety
u_3ba89fbe0929,2024-02-01,sleep
u_350879f277fe,2024-03-22,anxiety
u_8b6bc9e1370e,2024-01-08,sleep
u_d812b0aa469c,2024-02-04,generic
u_e86fff87a60c,2024-02-10,biblestudy
u_d688f9a6e445,2024-03-23,anxiety
u_0c2ea7e1c9da,2024-03-12,anxiety
u_e07de8fc5706,2024-03-15,anxiety
u_f65a5f1fed07,2024-03-06,generic
u_2e57f3e0d3ad,2024-01-20,generic
u_e3b06e0da1e0,2024-01-09,anxiety
u_846f05c2faf5,2024-02-02,generic
u_c3507bd1d85d,2024-01-15,sleep
u_e4b435a62007,2024-03-23,anxiety
u_3236cd326b05,2024-01-01,generic
u_7bc87e7fa152,2024-03-05,anxiety
u_b7bdeec78589,2024-03-21,anxiety
u_66f2c2b36132,2024-01-20,anxiety
u_c6499a4af9b8,2024-03-08,biblestudy
u_59df267da95f,2024-01-15,generic
u_909842b10eb5,2024-02-09,anxiety
u_f422e270c348,2024-01-11,biblestudy
u_f672d51bfa84,2024-03-09,sleep
u_8eadbefba34a,2024-03-11,anxiety
u_cae6191712d2,2024-01-28,biblestudy
u_af7e4f45e3dc,2024-02-09,biblestudy
u_8f5ab2b64237,2024-03-07,anxiety
u_535bc2ef3899,2024-01-03,sleep
u_b62f064ac460,2024-01-10,sleep
u_9f3611e3b7c5,2024-01-05,sleep
u_3f599bde7473,2024-03-26,sleep
u_c1502e9947a0,2024-03-14,biblestudy
u_62cde058af50,2024-02-22,sleep
u_6c0372508ab5,2024-02-24,generic
u_790698cd266e,2024-03-24,sleep
u_eff9442823f1,2024-02-13,sleep
u_d133955b510d,2024-03-09,sleep
u_0ac931bbf6d8,2024-02-01,sleep
u_6edc86d59d4b,2024-03-11,generic
u_bfabd8a9efaf,2024-01-02,generic
u_7e0536202e28,2024-01-22,biblestudy
u_b2168fe9f088,2024-01-08,sleep
u_d0181f629eb3,2024-02-28,anxiety
u_1a5d3ddc2b94,2024-03-12,biblestudy
u_04c21878aaa8,2024-01-28,sleep
u_73f1405ea2d5,2024-02-10,biblestudy
u_bfd6ef5db905,2024-03-08,generic
u_9a9499a93ff6,2024-01-24,sleep
u_0ab9963e501d,2024-02-21,generic
u_b6c17fba0349,2024-03-17,sleep
u_1f64587f4dc1,2024-03-13,generic
u_6ed1403b8d0e,2024-02-10,sleep
u_07608e470534,2024-02-08,generic
u_bdab3ea54bac,2024-01-02,generic
u_7fc10dd68860,2024-01-10,biblestudy
u_efcb53789fc1,2024-02-14,generic
u_00b9a7118807,2024-01-21,anxiety
u_db1ee0588954,2024-03-24,anxiety
u_8280338281c9,2024-03-25,generic
u_bdf3f06c57dd,2024-01-14,anxiety
u_13a2386c196b,2024-01-27,anxiety
u_aac9fa4feb0f,2024-02-03,biblestudy
u_6fd5e9db253a,2024-01-07,biblestudy
u_0e2c8347e362,2024-01-01,sleep
u_09366b16b53d,2024-01-21,biblestudy
u_2f2dd8dea4f7,2024-01-02,generic
u_ec16e2a46880,2024-01-20,generic
u_e3247ca08ccf,2024-01-19,sleep
u_74e27d26c6be,2024-01-06,anxiety
u_e5dcca846fe2,2024-01-14,sleep
u_b765c818e5a8,2024-03-20,generic
u_a438f5c3ad4b,2024-01-21,biblestudy
u_959d634476a6,2024-01-04,generic
u_3d47f198296b,2024-02-22,generic
u_72a60c3a3c08,2024-02-04,generic
u_9fbd8886ec7c,2024-01-05,anxiety
u_4548210ea872,2024-02-28,generic
u_1612376f1ef3,2024-01-29,sleep
u_202a342b9659,2024-01-09,anxiety
u_dfb025cd0785,2024-02-21,generic
u_d655fb3b1f9d,2024-01-04,generic
u_8e9adb9f802a,2024-02-03,sleep
u_3a2f7b33713c,2024-02-10,generic
u_5da6fad53e64,2024-03-14,sleep
u_f89ef21f26ae,2024-03-07,anxiety
u_8129219e06e7,2024-03-26,biblestudy
u_f1733b404da1,2024-02-12,generic
u_4b31484d8c88,2024-02-08,anxiety
u_efe803aca172,2024-03-30,sleep
u_dc35e6995f6f,2024-02-18,generic
u_99cd5b3d696a,2024-02-08,generic
u_b9cba4e0cf62,2024-01-27,anxiety
u_5ec8c8c9cee4,2024-02-29,biblestudy
u_d25f493c8b9b,2024-01-22,biblestudy
u_e1cb4cc54d99,2024-03-20,generic
u_e0b4e14a0967,2024-03-27,generic
u_6fb5e747eddb,2024-01-06,sleep
u_7887d4cd105b,2024-01-10,generic
u_183afd03515c,2024-03-30,biblestudy
u_91d81a5784b9,2024-03-29,biblestudy
u_f5cd9c0f41b6,2024-01-14,anxiety
u_9e2c1dc8654a,2024-03-30,sleep
u_f3945d2152b5,2024-01-16,biblestudy
u_032cce4d3750,2024-03-12,generic
u_a650f6b313d2,2024-03-19,generic
u_63505232c00b,2024-03-11,anxiety
u_68fc7b07c170,2024-02-27,anxiety
u_ad924cd772a5,2024-03-07,biblestudy
u_919a4b990bdc,2024-02-06,anxiety
u_1978bc3a9306,2024-01-11,anxiety
u_4744a6f6694a,2024-03-31,biblestudy
u_036217f6355e,2024-02-29,anxiety
u_0b10092e4053,2024-03-15,sleep
u_72f932224f61,2024-03-14,sleep
u_c43eddfc4a28,2024-02-19,generic
u_443428b76717,2024-03-10,generic
u_c3336cb6ea3f,2024-02-04,sleep
u_89c97cfd436a,2024-03-27,anxiety
u_2a294fdf9ea6,2024-01-17,biblestudy
u_1567037f64a5,2024-03-16,sleep
u_c770a45ee8cc,2024-01-18,anxiety
u_896df59894c7,2024-02-11,anxiety
u_e8c961d2ddcd,2024-02-18,generic
u_3585f7eb6c1c,2024-01-11,anxiety
u_fcb20f9d64af,2024-02-14,sleep
u_4b21d61051e2,2024-01-06,generic
u_5e99f1748abe,2024-01-03,sleep
u_642e218801c0,2024-01-15,anxiety
u_f463fcc2cc98,2024-02-17,biblestudy
u_186df1893b3b,2024-01-15,anxiety
u_42782ff1fc32,2024-03-15,anxiety
u_6e2b57a1257a,2024-02-18,biblestudy
u_ea1b75fccbbc,2024-03-29,sleep
u_f4264827e404,2024-02-08,biblestudy
u_7b823636ad37,2024-03-13,sleep
u_cbc6d98586e6,2024-02-17,anxiety
u_2ae2576eddad,2024-02-23,sleep
u_3af157c3ade4,2024-03-22,biblestudy
u_7dd53c67a2b0,2024-01-23,generic
u_98977bb9a5b5,2024-03-09,anxiety
u_8dc2291bfe1b,2024-03-16,generic
u_fd7b847dccf4,2024-01-12,biblestudy
u_d4f44235ae51,2024-03-13,anxiety
u_faaa7fe563a8,2024-02-11,sleep
u_cf6827e86145,2024-02-13,biblestudy
u_03725fe81c19,2024-03-12,generic
u_42180f34344a,2024-02-22,biblestudy
u_5b4716b1ac75,2024-03-23,biblestudy
u_b46f0f842e09,2024-02-07,anxiety
u_7467bb4e7e54,2024-03-15,anxiety
u_880f85087e44,2024-03-11,anxiety
u_962d1ee432cf,2024-02-02,anxiety
u_05b455b2d115,2024-03-09,anxiety
u_868e70fd247c,2024-03-02,sleep
u_3b60427535ec,2024-03-17,sleep
u_8d547641c945,2024-01-30,sleep
u_ba466efdef89,2024-01-17,generic
u_a75c1401893e,2024-03-30,biblestudy
u_5fdf948eda22,2024-01-14,biblestudy
u_601912cc0756,2024-02-26,generic
u_d8c4a05e0a9c,2024-03-02,sleep
u_4b7c5efe9e04,2024-03-14,sleep
u_4c0ded78fae1,2024-03-13,sleep
u_c9e35d46ecfa,2024-03-12,anxiety
u_0121939178e6,2024-01-29,anxiety
u_0cfdd7bb3086,2024-02-08,generic
u_1fa3d799e7ab,2024-03-20,generic
u_d2a463ea0b0a,2024-01-27,sleep
u_4fb0c83cabd8,2024-01-31,sleep
u_6949c9460139,2024-02-27,sleep
u_3bd74dc1d6d4,2024-02-06,anxiety
u_3ca297633200,2024-03-28,anxiety
u_9122df029fcd,2024-03-16,generic
u_6112dcd95569,2024-03-10,sleep
u_2d226b823f75,2024-01-19,anxiety
u_4567ebb0361e,2024-03-13,anxiety
u_0247172f267d,2024-02-08,generic
u_071ac8842c13,2024-03-04,biblestudy
u_1487f22a5f8b,2024-02-11,sleep
u_c1976a4f2074,2024-03-27,sleep
u_9cf147986486,2024-03-27,biblestudy
u_1c5e9b19e461,2024-01-23,generic
u_5ff86fc6b44a,2024-01-24,biblestudy
u_aef9b8e41b26,2024-01-12,biblestudy
u_324ad3b6c265,2024-01-14,anxiety
u_82594ce5eb6b,2024-02-06,biblestudy
u_8b2b2816de65,2024-01-05,anxiety
u_9e6b00ccfd1f,2024-02-21,biblestudy
u_459e203ce93e,2024-03-10,sleep
u_2ca14d34a8a6,2024-03-20,biblestudy
u_3b3db87ebbf3,2024-01-27,sleep
u_d369bf98f0c2,2024-03-30,sleep
u_a753e516f05f,2024-01-31,biblestudy
u_dc893e816d14,2024-02-22,generic
u_1458f9d63c20,2024-02-29,generic
u_a3bb5b6df077,2024-02-07,sleep
u_d4ba133e44ab,2024-03-01,biblestudy
u_f730d52c1ebc,2024-03-17,generic
u_c333a214a45d,2024-02-05,generic
u_e9c78f0fc868,2024-03-05,sleep
u_f87ac106431f,2024-03-16,biblestudy
u_c1a3e5a22f64,2024-02-27,anxiety
u_c7c0fc29bc9c,2024-03-10,generic
u_406547598e4c,2024-03-30,anxiety
u_42c4da7eb582,2024-02-22,generic
u_d749df6cb8fa,2024-02-18,biblestudy
u_55e45ebb2267,2024-01-20,sleep
u_58dd7fb28e90,2024-03-16,anxiety
u_d7d9241f8e30,2024-01-13,biblestudy
u_91625c6387c5,2024-02-22,generic
u_d8b93d982354,2024-02-03,anxiety
u_ac47a0376888,2024-02-12,generic
u_59deec813c6d,2024-02-10,generic
u_168a83123f2a,2024-03-10,sleep
u_a79f74b84a84,2024-02-06,biblestudy
u_cb8a5ebc0bcf,2024-01-13,anxiety
u_d45f4c4f3e0b,2024-01-22,generic
u_e50edab1476a,2024-01-08,sleep
u_edb744e59161,2024-03-08,anxiety
u_5b373cc3085a,2024-01-23,generic
u_08eb1145e0b5,2024-01-31,biblestudy
u_3a6ad86a7764,2024-03-22,sleep
u_5413d0e86747,2024-02-29,anxiety
u_459126bb0f15,2024-02-26,generic
u_8ab4607fa14d,2024-02-24,anxiety
u_d0549a220b2f,2024-02-19,sleep
u_98c051d68083,2024-02-15,generic
u_26cddda39192,2024-03-25,sleep
u_3c66b390fd02,2024-01-07,generic
u_68c565481474,2024-02-06,anxiety
u_97ddb6cc6334,2024-01-29,generic
u_26646cbd5822,2024-03-25,anxiety
u_fb780e547ae2,2024-03-21,sleep
u_e987d0850133,2024-03-15,sleep
u_fdec018428ee,2024-02-11,sleep
u_1498ba84c42c,2024-03-10,sleep
u_c7acd4de7fa5,2024-02-04,biblestudy
u_f5239f72def8,2024-03-02,anxiety
u_fffb5b003287,2024-01-15,sleep
u_a5a3ea9e400c,2024-01-29,generic
u_25f8283b92d6,2024-03-12,generic
u_7dcb41050f1a,2024-03-09,sleep
u_d0847512cf7d,2024-02-03,generic
u_3af81465a06a,2024-01-14,biblestudy
u_b9c1433a1890,2024-03-12,biblestudy
u_ba6ea5ae513e,2024-03-22,generic
u_fa85cac766e5,2024-02-22,sleep
u_ce9c8b7fbab3,2024-03-04,sleep
u_7c434dd2d0b9,2024-02-19,biblestudy
u_211c2b9dd94d,2024-03-10,biblestudy
u_2b278a0b211b,2024-02-23,biblestudy
u_545bed9dd4db,2024-02-05,biblestudy
u_f5506c7b942a,2024-01-31,sleep
u_c01a6afbf0cf,2024-03-10,biblestudy
u_81427f9d8c8e,2024-02-05,sleep
u_f16e217a7387,2024-02-28,anxiety
u_85df44f07df6,2024-01-03,biblestudy
u_689a106acad2,2024-03-13,generic
u_6f520cad9e01,2024-03-16,generic
u_ec51ab867720,2024-01-19,anxiety
u_30abd543f5dc,2024-01-19,anxiety
u_30c633c42614,2024-01-15,sleep
u_4ea870e909e9,2024-01-31,sleep
u_fa32a31b5f18,2024-01-17,anxiety
u_2d5ee259b482,2024-03-01,biblestudy
u_cc4fbd4114c8,2024-02-27,generic
u_8ed2c7f4f89b,2024-03-25,sleep
u_d31045677181,2024-01-08,generic
u_e81d1c62ddfe,2024-01-14,generic
u_01db193f13ee,2024-01-11,sleep
u_857bb611ab4f,2024-03-20,sleep
u_483b7f19baa4,2024-03-17,anxiety
u_c045425bdbcc,2024-01-13,anxiety
u_cfe1d9e59d82,2024-03-11,biblestudy
u_b1114b1f1f1d,2024-01-30,biblestudy
u_a333678858d8,2024-01-13,anxiety
u_a4107395003d,2024-01-20,anxiety
u_5279cef1ed3c,2024-01-11,sleep
u_39a3b300cc8c,2024-01-17,biblestudy
u_cd8aa1e5b627,2024-02-12,biblestudy
u_b82f29538eb3,2024-02-24,generic
u_b4731c36af9d,2024-03-17,sleep
u_d01e66827b9b,2024-01-20,biblestudy
u_54e357610c0e,2024-03-12,biblestudy
u_23c5b0cd3975,2024-02-24,generic
u_ea2dda55b62f,2024-03-19,biblestudy
u_8aa48f0c7f3e,2024-03-25,biblestudy
u_dd3909f2e9da,2024-03-30,generic
u_25c83477aa33,2024-01-24,anxiety
u_b5cc4bed0a58,2024-01-19,generic
u_72f1b75711a8,2024-03-08,sleep
u_daf159234c4d,2024-02-17,anxiety
u_d4d360203505,2024-03-17,sleep
u_7a6b40efff4d,2024-03-20,sleep
u_ad772b34fa55,2024-02-24,anxiety
u_b8b2548538a7,2024-03-06,anxiety
u_12713da23b63,2024-03-27,anxiety
u_033d924f6541,2024-01-29,anxiety
u_2f30e8c6c9bd,2024-02-08,biblestudy
u_b1ad5160b3a7,2024-02-07,sleep
u_857d95f05003,2024-01-23,biblestudy
u_102ceda5e27e,2024-03-12,biblestudy
u_2339479b86f3,2024-01-06,sleep
u_6f986c663047,2024-02-10,sleep
u_285746ff3794,2024-02-23,biblestudy
u_036fce1938dc,2024-01-22,generic
u_31b1dbe4f067,2024-02-16,generic
u_b3edac226679,2024-03-16,sleep
u_f8fb9914f397,2024-02-13,generic
u_05dbcabc9b65,2024-03-22,sleep
u_a8b265334dca,2024-02-14,generic
u_ca6f7016754a,2024-01-19,anxiety
u_da23fbc0914b,2024-03-18,biblestudy
u_8a97762af416,2024-03-21,biblestudy
u_d875646fb90e,2024-02-27,generic
u_9b9f1cb97b4c,2024-03-20,generic
u_bdc2a48c9ed7,2024-02-26,anxiety
u_e134481ce459,2024-02-05,anxiety
u_8fe63bf8e10d,2024-02-29,sleep
u_f1f6c073866a,2024-01-10,generic
u_522576f1888b,2024-03-17,sleep
u_a45706486e4c,2024-01-06,generic
u_94e08145ffc1,2024-02-11,biblestudy
u_0076d98da341,2024-02-27,generic
u_95ae377f4dde,2024-01-11,anxiety
u_0745eb6aa2c4,2024-02-26,sleep
u_ecbd75ce399d,2024-02-16,biblestudy
u_7b9198229845,2024-02-13,sleep
u_e077633f85a5,2024-02-12,sleep
u_cff4ffbc524f,2024-02-06,generic
u_2a4ae7cc44bc,2024-03-18,anxiety
u_09b26fdda8b9,2024-01-19,biblestudy
u_233dcc9aaf60,2024-03-25,biblestudy
u_41af5bf43c4f,2024-02-09,generic
u_5d69bb4a0df8,2024-01-17,biblestudy
u_7fe6ca78080d,2024-03-28,sleep
u_f1b0ab65583b,2024-03-06,biblestudy
u_3e24884f522e,2024-01-28,biblestudy
u_c417229742ca,2024-01-18,sleep
u_8adf6f59e67d,2024-03-05,generic
u_f85db652e0ef,2024-01-05,generic
u_9cde7f768955,2024-03-17,anxiety
u_dcdfbc93b486,2024-03-20,sleep
u_a1ea804cb8f4,2024-02-22,anxiety
u_b51b6bf7de7c,2024-03-19,generic
u_38082bda38e8,2024-03-09,generic
u_300601ecf259,2024-01-25,generic
u_6ee3163106cb,2024-02-29,generic
u_40ef34e18311,2024-02-23,generic
u_cce24c2fdfad,2024-01-18,sleep
u_58a65ea3cc60,2024-02-17,sleep
u_a1107fe2c5eb,2024-01-16,generic
u_3367f4c233d5,2024-03-06,anxiety
u_288187727077,2024-01-29,generic
u_24eda6e0e276,2024-02-23,biblestudy
u_18481f24640b,2024-01-11,sleep
u_0f2bb1f2e5b9,2024-03-24,sleep
u_f6609d8b4b01,2024-03-01,sleep
u_918a0e4001e7,2024-02-27,generic
u_59e184252ae9,2024-01-28,sleep
u_0d26b506422b,2024-03-08,biblestudy
u_5fcbe184042c,2024-01-16,sleep
u_66f7e55c8f80,2024-02-28,generic
u_11fc95ea5f4a,2024-03-09,anxiety
u_7d02b8eef11b,2024-01-19,sleep
u_7f67ba2d9ecc,2024-03-14,anxiety
u_61cd078a2141,2024-02-16,sleep
u_bb859313f58d,2024-03-05,biblestudy
u_07af47a896ec,2024-03-22,anxiety
u_638e37c067b7,2024-02-15,biblestudy
u_91cca9e5a79c,2024-03-21,biblestudy
u_38a544119bda,2024-01-18,biblestudy
u_c486110c3126,2024-01-23,generic
u_ced0fe7c64a8,2024-03-02,generic
u_690a7eafe07f,2024-02-28,sleep
u_8229b7453a2d,2024-01-06,anxiety
u_a4b826793464,2024-03-10,sleep
u_5ae2d2fa2d98,2024-02-06,biblestudy
u_b0fa0c3f47c9,2024-02-12,generic
u_f1ac0ebf862c,2024-02-21,generic
u_e61cdecf52a4,2024-01-24,anxiety
u_1663c583b353,2024-03-07,sleep
u_53626a2d7671,2024-02-25,biblestudy
u_138cdeedb32b,2024-02-11,biblestudy
u_55bb1679d507,2024-02-27,anxiety
u_ee7af5ef05f2,2024-02-14,biblestudy
u_5d64c753895a,2024-03-19,anxiety
u_f96a64597ca9,2024-01-08,generic
u_dace06e233ab,2024-03-27,sleep
u_661d4a67c041,2024-03-27,sleep
u_24a0ee0ae3e9,2024-03-23,sleep
u_5267b559333a,2024-03-18,biblestudy
u_bdc6423c403c,2024-02-26,anxiety
u_2bfc60db2558,2024-02-20,biblestudy
u_b4144d5b0da7,2024-01-04,biblestudy
u_4d8ea19a6ff2,2024-03-12,biblestudy
u_6b82ce50d36e,2024-01-28,biblestudy
u_9f9eb2495e87,2024-03-03,sleep
u_3fea6f285248,2024-01-23,sleep
u_af1bec2f5d90,2024-03-28,generic
u_ccaa1a9d5e43,2024-03-31,biblestudy
u_8551c29fadac,2024-01-21,generic
u_db711c70bf5e,2024-02-16,anxiety
u_eb7956430def,2024-01-18,sleep
u_1552d0c3699b,2024-03-14,biblestudy
u_0cc04227fde2,2024-03-19,sleep
u_c61c9cda3a69,2024-03-02,biblestudy
u_34b2d9900ef8,2024-01-10,anxiety
u_626dcea022b6,2024-02-29,sleep
u_31cca0aaa1ee,2024-03-11,sleep
u_959b8f39fbbe,2024-02-25,generic
u_7658a12820c0,2024-03-07,sleep
u_3f916ed7cff0,2024-03-31,generic
u_b6ce255f730d,2024-02-06,biblestudy
u_d1793e118d88,2024-03-11,biblestudy
u_402e75a70836,2024-01-12,anxiety
u_941400da502c,2024-01-20,generic
u_3446c5d413ee,2024-02-13,biblestudy
u_919d7acb778f,2024-01-04,generic
u_69eeb71c3c90,2024-02-03,generic
u_ce732b7d9862,2024-03-22,generic
u_8c274e55e8f2,2024-03-23,biblestudy
u_44364b63bdc2,2024-03-28,biblestudy
u_2664a6b20cbf,2024-01-21,biblestudy
u_7801440254ab,2024-03-18,generic
u_89d276606ce0,2024-02-14,sleep
u_bd962f17f846,2024-03-12,anxiety
u_47e9622054f7,2024-02-27,sleep
u_cffdf297cb16,2024-02-19,anxiety
u_b62e782359ca,2024-01-21,generic
u_145ccc379edf,2024-01-25,biblestudy
u_297221cb9e39,2024-03-04,biblestudy
u_0c31fcdf27f5,2024-02-20,generic
u_a5c88efa1df3,2024-02-15,sleep
u_a0b871549e3d,2024-03-24,biblestudy
u_1aa9951f603d,2024-01-14,generic
u_c9b307cc891d,2024-02-21,biblestudy
u_54bbc8756155,2024-01-25,biblestudy
u_93397fc6dc0c,2024-02-27,anxiety
u_88415856648d,2024-03-28,sleep
u_5ec5e7b96588,2024-02-17,sleep
u_a2af49fb838e,2024-01-19,biblestudy
u_7fe28840d44b,2024-01-06,biblestudy
u_2f3a7bfb516c,2024-03-07,generic
u_bed5c9765bd6,2024-02-11,biblestudy
u_c62697c6c90a,2024-03-19,anxiety
u_9215a837573a,2024-03-06,anxiety
u_c0efc6fd82a1,2024-01-03,anxiety
u_c62d4bf61c99,2024-03-15,generic
u_9388cde50557,2024-03-21,biblestudy
u_5579f1572f3c,2024-03-15,generic
u_74011b375766,2024-01-22,biblestudy
u_7754389fbda0,2024-02-18,generic
u_c5fee7f7c5c1,2024-03-30,sleep
u_e47539e1d758,2024-01-20,anxiety
u_a51430d34335,2024-03-19,generic
u_4bfcc67baf71,2024-01-08,biblestudy
u_83621efe439b,2024-03-25,biblestudy
u_4b63918c4b02,2024-02-28,anxiety
u_4c0358c0b484,2024-03-28,anxiety
u_c8e665b7a2af,2024-01-25,biblestudy
u_e6dea530aedf,2024-02-08,anxiety
u_da344ad663fe,2024-03-03,biblestudy
u_fc82d8deb833,2024-02-05,biblestudy
u_18679e8650ab,2024-02-20,generic
u_54f895624c0f,2024-02-07,generic
u_f05cc5dd00c2,2024-02-26,anxiety
u_b274513e0cd1,2024-03-09,sleep
u_f9a114fb3927,2024-01-14,anxiety
u_5e4c44051cc3,2024-03-26,sleep
u_c51d62bd2941,2024-01-13,anxiety
u_c7c5fa7527bc,2024-01-18,sleep
u_4d9213985ba0,2024-02-22,generic
u_9ab3c2d393ad,2024-03-24,generic
u_fefba60c0e77,2024-03-23,biblestudy
u_a0328655ef68,2024-01-30,biblestudy
u_a3e99345a06e,2024-01-23,generic
u_e11aff0dc11a,2024-01-05,anxiety
u_2b0170159375,2024-02-07,sleep
u_320baeb4545c,2024-01-14,biblestudy
u_1795b6bd6830,2024-03-23,anxiety
u_cd66340c09a3,2024-03-05,sleep
u_11445bc0df84,2024-01-21,anxiety
u_b9c7b752caaf,2024-01-02,biblestudy
u_877820ed3c64,2024-01-25,generic
u_ea8730eebdd0,2024-02-24,sleep
u_92d782690c07,2024-01-24,biblestudy
u_757e164e11d7,2024-01-01,anxiety
u_df474603c7a3,2024-02-12,generic
u_c4a16677bbf8,2024-03-24,sleep
u_dbfd96b892bd,2024-02-29,biblestudy
u_f904bd30eada,2024-03-31,biblestudy
u_6974e7a13cfd,2024-02-07,biblestudy
u_3fb617294b1a,2024-03-02,generic
u_8af12e0e3c5a,2024-02-23,generic
u_a4f63a887929,2024-03-26,generic
u_9a869313e31c,2024-03-17,sleep
u_9ae52fecaa10,2024-03-31,generic
u_34bd6b50c55c,2024-03-11,sleep
u_303c2db99452,2024-01-22,biblestudy
u_efeee29967a6,2024-01-27,sleep
u_f0073c7b7247,2024-02-27,biblestudy
u_8550ffd61427,2024-02-28,biblestudy
u_c2ce89600128,2024-02-09,biblestudy
u_af1590283930,2024-01-28,sleep
u_72172a5d6f84,2024-01-09,sleep
u_9287392c4be5,2024-03-01,biblestudy
u_4d364c25385c,2024-03-23,generic
u_2d2d1a8dd91d,2024-02-18,generic
u_67bb38a37af1,2024-01-11,anxiety
u_4fdb37dfd4f6,2024-03-24,anxiety
u_11c35735f61b,2024-02-20,generic
u_f402bcd61840,2024-01-01,generic
u_dc9894f22874,2024-03-10,anxiety
u_a2f5e7a138e7,2024-02-28,sleep
u_0ac365699a97,2024-01-15,generic
u_b9e45bc4c0d4,2024-01-03,sleep
u_55e2227ca3a8,2024-02-27,biblestudy
u_c1011b2fea85,2024-01-06,sleep
u_5cf6f4e6c002,2024-01-08,generic
u_561665e925df,2024-03-14,sleep
u_7e9b757e0374,2024-02-11,generic
u_8234c2091df6,2024-03-07,anxiety
u_024c7c5ba35c,2024-03-16,generic
u_001b55c5a5b3,2024-02-24,sleep
u_885a46093d57,2024-03-23,biblestudy
u_675f56cf3b5e,2024-02-23,anxiety
u_f29da0560cd8,2024-03-09,biblestudy
u_e5aff48dd73c,2024-03-31,anxiety
u_68d6143dea04,2024-02-22,sleep
u_b8b6a5f49113,2024-02-01,sleep
u_ec95a347f29a,2024-02-27,sleep
u_0b81b8044ced,2024-01-25,biblestudy
u_52ceefee53aa,2024-01-06,anxiety
u_12cabc936fc4,2024-03-26,biblestudy
u_a52b9d9992e0,2024-02-12,generic
u_a5a587579935,2024-01-25,sleep
u_e74afdb928b9,2024-03-02,generic
u_e86b2bea2d8d,2024-02-20,biblestudy
u_2bd9bdbdf5aa,2024-02-18,generic
u_21bc2a94905d,2024-02-16,anxiety
u_c1de0502512e,2024-03-01,sleep
u_2edf0b594347,2024-02-10,sleep
u_c0202fda2c6c,2024-01-19,sleep
u_504a129b8767,2024-02-23,anxiety
u_182510ee296f,2024-03-13,sleep
u_09405955b1ba,2024-03-28,biblestudy
u_762c0f5602ec,2024-03-23,anxiety
u_749251d459a8,2024-02-15,biblestudy
u_05209f49aef4,2024-03-10,generic
u_d8671273956c,2024-01-10,biblestudy
u_44078185fb7b,2024-02-22,generic
u_a656c33a1179,2024-01-20,sleep
u_57561f3c9e2c,2024-03-20,generic
u_927fa6ed9ae6,2024-03-25,sleep
u_46de3f883e57,2024-01-02,biblestudy
u_da9efd99ea50,2024-02-06,generic
u_5631981a8fc2,2024-01-23,sleep
u_40554c9273be,2024-01-25,sleep
u_485fb261b770,2024-02-20,generic
u_302b656d61e4,2024-02-01,anxiety
u_403e3bdb1db5,2024-01-11,generic
u_56eeaff7cad9,2024-01-12,anxiety
u_b7e77df18c68,2024-03-22,anxiety
u_d7cec357c117,2024-02-25,anxiety
u_d578b882cfa4,2024-01-13,generic
u_0794d9d33ed7,2024-03-29,sleep
u_a957a99c0892,2024-01-10,sleep
u_50925fcdab42,2024-03-25,generic
u_1304a6375fb9,2024-01-27,biblestudy
u_34705f939211,2024-02-20,biblestudy
u_b1d004a0ff5f,2024-03-13,biblestudy
u_9284f8f39369,2024-02-12,generic
u_8e796237c635,2024-03-29,biblestudy
u_f529961ca95d,2024-01-07,anxiety
u_158e9cfcf674,2024-03-18,generic
u_9b00b265c9e8,2024-02-11,anxiety
u_c48470d0469a,2024-03-03,biblestudy
u_fe9b9d1c4d13,2024-01-24,anxiety
u_a3e40da8a8c8,2024-03-20,sleep
u_713c645c90d5,2024-02-04,anxiety
u_c9256c6ff204,2024-02-19,anxiety
u_aafc7d722c2c,2024-02-09,biblestudy
u_732a21cdd34f,2024-01-12,sleep
u_955468d69594,2024-02-22,sleep
u_875218045e2b,2024-03-17,biblestudy
u_bb8a23792a43,2024-02-07,biblestudy
u_3537be68f1ff,2024-03-12,generic
u_c5b950c2466c,2024-01-22,anxiety
u_df7f4c38be1e,2024-02-04,sleep
u_a567c261d665,2024-02-23,biblestudy
u_5bb929c1a026,2024-02-01,anxiety
u_44e1d8073f38,2024-02-28,biblestudy
u_42d7ceb4e304,2024-02-12,anxiety
u_1578590008f0,2024-02-26,generic
u_9f8cf70e0838,2024-03-17,anxiety
u_df43beb241b8,2024-01-26,sleep
u_e5cdb9c5e7be,2024-02-10,anxiety
u_07ec10ec0dd6,2024-03-14,anxiety
u_f02c4caecd78,2024-02-20,generic
u_fdce43c21a98,2024-03-10,biblestudy
u_bda15e81a144,2024-02-29,sleep
u_4c3469d135e5,2024-03-29,generic
u_af24a567023c,2024-03-27,generic
u_31c06686c928,2024-03-25,sleep
u_9e5989a32871,2024-02-27,anxiety
u_c9328e174303,2024-03-05,generic
u_4b78856ce486,2024-01-05,anxiety
u_ed71429d65cb,2024-03-09,generic
u_35558d1bed56,2024-02-01,sleep
u_86a18bc54447,2024-01-06,biblestudy
u_ab143a86f4ae,2024-02-12,biblestudy
u_96c530f8c43f,2024-02-03,anxiety
u_e18f9af291c7,2024-03-29,biblestudy
u_4542354ccc0a,2024-03-27,anxiety
u_4e05965f2dcb,2024-01-04,anxiety
u_a975e29f3e55,2024-01-11,generic
u_7aedd52b8d42,2024-02-09,biblestudy
u_470e0f25a91b,2024-02-14,biblestudy
u_f8c075b32ca3,2024-02-10,sleep
u_d6c803c66f18,2024-01-03,biblestudy
u_a4f37321e59b,2024-01-22,biblestudy
u_b983a170f365,2024-03-11,biblestudy
u_f95f32f60e3c,2024-01-30,generic
u_1bf4c31fffa1,2024-03-25,sleep
u_3d2ac9f7d3a8,2024-01-26,biblestudy
u_c11de75234cb,2024-01-28,biblestudy
u_e5e228db726c,2024-01-09,generic
u_170e75d18fd4,2024-02-16,biblestudy
u_4281ef8126ec,2024-03-03,anxiety
u_986dbf2556ac,2024-03-19,anxiety
u_345aa5d8e605,2024-02-28,biblestudy
u_7af65b4790f9,2024-02-08,biblestudy
u_8971b9e5f32f,2024-02-10,biblestudy
u_02acd6d4b35a,2024-03-29,sleep
u_261209c1abf6,2024-03-14,anxiety
u_fb38f9878238,2024-03-29,generic
u_102e0af8953b,2024-01-22,sleep
u_c38e6b87bd25,2024-02-27,generic
u_bd75738a75a6,2024-03-03,generic
u_fadfd20f8168,2024-03-05,biblestudy
u_979e3114fe9c,2024-03-31,anxiety
u_a1d3a94792ee,2024-01-04,sleep
u_6498e2b50281,2024-01-29,sleep
u_24546d7413de,2024-03-04,sleep
u_a1a2309098f7,2024-03-10,sleep
u_cd3f6db22cd9,2024-01-06,biblestudy
u_315c055c236c,2024-02-24,biblestudy
u_23846e628e35,2024-02-08,sleep
u_46c1e6f0d1d8,2024-01-12,generic
u_e345f6d52f20,2024-01-31,generic
u_62b0be5f5b70,2024-03-31,biblestudy
u_8036c544c7fa,2024-01-27,generic
u_68dcacaf3fb8,2024-03-09,biblestudy
u_d85e07a15c4b,2024-03-31,anxiety
u_cd16cc10db20,2024-03-06,generic
u_ff1d04f69514,2024-02-22,generic
u_8624a9f3cc00,2024-01-17,sleep
u_950d99c5c072,2024-02-11,biblestudy
u_4a37b93042d9,2024-03-03,biblestudy
u_0c3ac3f76295,2024-02-18,biblestudy
u_0ea2c49a8d65,2024-01-12,generic
u_c10788973d4b,2024-02-17,biblestudy
u_6e58f48dd668,2024-01-12,biblestudy
u_08871dfed75e,2024-02-15,biblestudy
u_fc91581af67b,2024-02-24,anxiety
u_281d7184820d,2024-02-06,anxiety
u_787751e91194,2024-03-03,generic
u_c72c87174fc8,2024-01-06,generic
u_f889be593848,2024-01-16,anxiety
u_2927fbdbf465,2024-02-24,anxiety
u_800c76655f52,2024-03-24,generic
u_ba606ae7f686,2024-01-12,anxiety
u_a8d377f0e7cb,2024-03-24,anxiety
u_b5043a957385,2024-03-30,anxiety
u_90fa1f28c014,2024-01-13,sleep
u_d77da86bb43a,2024-01-29,sleep
u_eea1efdbe218,2024-02-13,generic
u_d123187aded9,2024-01-17,anxiety
u_a88cf8a56fbe,2024-01-14,sleep
u_e58013f83d45,2024-02-18,biblestudy
u_19de1ea5dddd,2024-03-27,sleep
u_d278c4369a7d,2024-03-24,sleep
u_f4f7e5e358bc,2024-01-20,anxiety
u_c9f0c7d9e7de,2024-01-28,sleep
u_4532b0c3eead,2024-03-16,anxiety
u_aad57aa40109,2024-01-18,anxiety
u_452f2bcd840a,2024-03-17,anxiety
u_499cfb75b980,2024-03-29,generic
u_b2a215768ec7,2024-01-27,biblestudy
u_b3cd9c7296a4,2024-02-07,biblestudy
u_884205d6219d,2024-01-31,sleep
u_b899465615f2,2024-03-17,generic
u_431fa6c86d8b,2024-02-16,sleep
u_190507a04be5,2024-03-13,biblestudy
u_1aef7de0605c,2024-03-01,biblestudy
u_d9b96fe86e6c,2024-01-09,sleep
u_2c40c9f59a0d,2024-02-20,generic
u_8761f70834b1,2024-02-23,biblestudy
u_d3486f635ce9,2024-03-09,biblestudy
u_7c52fe0b6da9,2024-03-06,generic
u_f2ee8bf0d413,2024-02-11,anxiety
u_79508c26aa16,2024-03-28,anxiety
u_aeeda8eb43a3,2024-01-31,sleep
u_f69cf8cece48,2024-02-28,sleep
u_62505a48a879,2024-03-25,anxiety
u_3a8f967d06b6,2024-03-30,biblestudy
u_90a8cb1d613d,2024-03-07,anxiety
u_e4bcabe93015,2024-01-17,generic
u_e88593ac9a4c,2024-01-16,sleep
u_90651128d4f0,2024-02-04,anxiety
u_f4d9dbfd9cd6,2024-03-21,biblestudy
u_51499d20fb7d,2024-03-04,anxiety
u_c451dcf54484,2024-01-14,anxiety
u_9248fce8203c,2024-03-06,generic
u_9aa68dc352a3,2024-01-06,sleep
u_a5409a313ab8,2024-01-05,generic
u_07c0f8f56c92,2024-02-23,biblestudy
u_483136fd4f87,2024-02-10,sleep
u_bba46fce0c15,2024-03-05,sleep
u_86035f18c5ef,2024-03-07,generic
u_db669aadeee2,2024-02-29,biblestudy
u_a8c0ca4862a0,2024-01-12,sleep
u_62303f3f5197,2024-03-13,anxiety
u_bbb2b134d5b5,2024-02-17,sleep
u_84848d6c868d,2024-01-26,biblestudy
u_6b2ca1da0277,2024-01-20,biblestudy
u_a2c63bbb64d4,2024-02-14,anxiety
u_1e80521484c1,2024-02-12,anxiety
u_192d2711ee03,2024-02-09,biblestudy
u_76a7bcd8fde9,2024-03-03,generic
u_aa1293220e5a,2024-02-05,generic
u_0441c7461e6f,2024-03-07,generic
u_f39d961362b8,2024-01-11,anxiety
u_9f8277c6c1fb,2024-02-20,biblestudy
u_859f7b5a6ffc,2024-01-17,anxiety
u_6999cb6ca68f,2024-02-20,anxiety
u_8db3a591c350,2024-02-04,generic
u_5859d2ab51c1,2024-03-15,sleep
u_cba0f72df726,2024-02-10,anxiety
u_e0c7e4aca9cf,2024-01-27,biblestudy
u_5392795ea978,2024-01-12,generic
u_39e4d97da300,2024-03-30,anxiety
u_7d5249ebb664,2024-01-19,anxiety
u_e2106f27f8a1,2024-03-06,anxiety
u_9fc708e3f52c,2024-01-23,biblestudy
u_58d0dd200c9c,2024-03-11,anxiety
u_31712608ad8d,2024-01-18,sleep
u_22f366cf7ba2,2024-01-29,generic
u_da2009b38d63,2024-03-21,sleep
u_f2f3ab0cc8a3,2024-01-10,sleep
u_b3cec1587e86,2024-02-26,sleep
u_1ac9a04fec39,2024-02-12,generic
u_135ac688cdfd,2024-03-14,anxiety
u_e75224ae3686,2024-02-18,anxiety
u_46104e782d37,2024-01-24,sleep
u_c0a1140cb761,2024-03-19,sleep
u_f2c56d5361e2,2024-02-22,anxiety
u_3a13a525a854,2024-02-19,sleep
u_a97317514347,2024-03-08,generic
u_6770a166f523,2024-01-03,biblestudy
u_e38025f87fe3,2024-03-10,anxiety
u_1054e83b0d31,2024-02-11,anxiety
u_e39ffd4ad4c7,2024-01-29,biblestudy
u_0630c83bc54e,2024-03-01,biblestudy
u_59070203a6d5,2024-01-21,generic
u_a52cdb5696cb,2024-01-08,generic
u_f0245c7d7e87,2024-02-19,generic
u_15316aaedafc,2024-01-23,anxiety
u_8ccb2bd758ec,2024-02-15,sleep
u_2125ec153b4b,2024-03-13,biblestudy
u_71ceadb4378f,2024-03-04,sleep
u_811710db91f4,2024-01-08,sleep
u_5d2c7c66c0a0,2024-01-01,biblestudy
u_3b6f3a2722ca,2024-02-13,generic
u_ea502d8d4348,2024-02-11,sleep
u_cbe34ce748c1,2024-01-19,generic
u_1c691bd5ffc5,2024-01-10,generic
u_759831c0453f,2024-01-13,anxiety
u_aa9153cd14e4,2024-02-25,generic
u_6bf438bcbb16,2024-01-23,biblestudy
u_1816c40b20d8,2024-03-19,anxiety
u_1aa6a3ab32d0,2024-01-23,biblestudy
u_ce39d8c43b83,2024-01-23,generic
u_c9b6ed770eac,2024-02-20,generic
u_63a819914bd7,2024-01-24,generic
u_335fec3f7a18,2024-01-29,sleep
u_d049cdc5a0ac,2024-02-12,anxiety
u_1110b9c9b9cf,2024-01-22,generic
u_2bde94eb9a1d,2024-03-26,generic
u_d2d456cb8e86,2024-02-03,anxiety
u_614869cc0e14,2024-01-14,sleep
u_2e07d04218e1,2024-02-23,generic
u_c8f0dce7a6e8,2024-02-18,anxiety
u_bd1798210fd9,2024-03-14,generic
u_f00cf39ba413,2024-01-10,sleep
u_6b1e1d0375ca,2024-02-03,sleep
u_7e56497f8d5d,2024-02-18,sleep
u_dc452569a896,2024-01-12,generic
u_b90d956d7512,2024-03-31,generic
u_f136e280534b,2024-02-25,sleep
u_c8d871019f74,2024-01-25,sleep
u_e20bcf373682,2024-03-10,anxiety
u_beab14d2414e,2024-01-07,sleep
u_081ca76bc697,2024-01-07,anxiety
u_dffd6ce70332,2024-03-25,anxiety
u_2f957ae573a3,2024-01-27,sleep
u_a7b0accabb83,2024-01-15,sleep
u_d1077cc6f299,2024-03-25,anxiety
u_2c638a522bac,2024-02-17,anxiety
u_047d7f6e02d2,2024-02-03,anxiety
u_1a88517312f5,2024-03-13,generic
u_2dc2fdb46242,2024-01-11,generic
u_884cafc9bdc5,2024-03-16,sleep
u_d48ddc225e41,2024-03-07,anxiety
u_36c318cd73f7,2024-03-01,anxiety
u_38210dc60ebb,2024-02-20,anxiety
u_1096ef25502c,2024-03-07,biblestudy
u_941e818744fb,2024-01-16,biblestudy
u_d0f9392f45f2,2024-01-22,generic
u_2215984c24dd,2024-02-24,anxiety
u_62bc35c49be0,2024-03-21,sleep
u_5545d3306570,2024-01-09,anxiety
u_b8a463d98c19,2024-02-05,generic
u_5d79e5663a19,2024-03-30,sleep
u_86c7f2064a27,2024-02-23,anxiety
u_b67003ebe30e,2024-01-13,biblestudy
u_aeeed4989076,2024-02-06,generic
u_36137f833012,2024-02-03,biblestudy
u_ab06beb5f8b3,2024-01-05,biblestudy
u_0fd47ef586ef,2024-03-28,sleep
u_45a5d97429c4,2024-02-12,sleep
u_10beca4ac3d1,2024-02-04,sleep
u_41e83ce332a0,2024-02-08,generic
u_ba2a85591ae3,2024-03-28,generic
u_2758684b914b,2024-02-26,sleep
u_f58c05f46d54,2024-03-18,anxiety
u_4d70cba5cf1a,2024-02-22,biblestudy
u_f13734bc246d,2024-01-08,sleep
u_81ea624f7547,2024-03-05,biblestudy
u_63c519e56a52,2024-03-13,anxiety
u_295dae53d36c,2024-01-08,biblestudy
u_82319e4c3f5e,2024-03-31,anxiety
u_19563e678c55,2024-02-20,sleep
u_04874f9ce831,2024-02-17,sleep
u_32d06aba3472,2024-03-01,anxiety
u_7287517dbe49,2024-02-03,anxiety
u_5f2c5186bebb,2024-02-19,generic
u_52e6aa054bbe,2024-01-28,generic
u_bc078f2cf412,2024-02-04,biblestudy
u_e2c53435cd4c,2024-03-28,generic
u_b4aaea424701,2024-03-17,biblestudy
u_da4e58b8739c,2024-02-09,biblestudy
u_9640c2e17de9,2024-02-18,anxiety
u_ca0033833e22,2024-02-08,biblestudy
u_ce4458390e57,2024-01-14,generic
u_2d8fd3a63305,2024-02-17,biblestudy
u_3e01d65f9295,2024-03-28,sleep
u_f63b94ae70af,2024-03-22,anxiety
u_de910ee98718,2024-03-24,anxiety
u_0478a9cc941c,2024-01-08,generic
u_28aa10683b6b,2024-03-25,anxiety
u_c2e206778eb7,2024-03-04,sleep
u_ec20c20e6772,2024-02-19,anxiety
u_6de1c647f4bb,2024-01-25,generic
u_98a9fdb23200,2024-03-22,generic
u_6a802c41d8ed,2024-03-05,anxiety
u_aec7a3497b78,2024-03-12,sleep
u_52d58418334e,2024-02-03,sleep
u_65b2f4e6c6a6,2024-03-28,generic
u_205ad6dae319,2024-01-29,sleep
u_0963bb52f94c,2024-02-12,biblestudy
u_f8fc5e5b572d,2024-01-16,generic
u_92be16d1b8a8,2024-03-20,generic
u_4c49ec116a8b,2024-03-28,biblestudy
u_465d8ed516dc,2024-01-20,sleep
u_0489460b0f62,2024-03-13,generic
u_9158d4547cf9,2024-01-24,sleep
u_839d531a4940,2024-01-23,sleep
u_5959559e3d66,2024-01-27,anxiety
u_f4c8d224f997,2024-03-03,generic
u_378148fe4f3b,2024-02-25,sleep
u_9297bf444fe3,2024-02-19,biblestudy
u_5ee63c29655c,2024-01-02,biblestudy
u_e608895d0d9a,2024-01-03,biblestudy
u_ffe064b61d8a,2024-03-29,sleep
u_7f916cb6d872,2024-03-05,sleep
u_c3229eb03640,2024-02-08,biblestudy
u_f47c411d5ca6,2024-03-08,generic
u_4f9e5a05f3c1,2024-02-13,biblestudy
u_56fc7ac8209f,2024-01-22,generic
u_1157136dd6e5,2024-01-30,generic
u_6db58d96dd5b,2024-01-03,sleep
u_f6702c55f31b,2024-03-24,anxiety
u_cb0ec3445c33,2024-03-09,biblestudy
u_be5a2200dcea,2024-01-14,sleep
u_71ea3025be4d,2024-02-23,anxiety
u_74bb2d433f9f,2024-03-30,anxiety
u_93f4c27d2675,2024-02-08,anxiety
u_1025e2025f6d,2024-03-20,anxiety
u_de46e199f9ca,2024-01-14,generic
u_ee8750af4ac5,2024-01-14,anxiety
u_1bc6711774a9,2024-03-07,anxiety
u_2cf400d29ae9,2024-01-21,anxiety
u_1c499fab5753,2024-03-02,sleep
u_0ecae4d700ff,2024-01-15,biblestudy
u_107fd4e6011c,2024-01-12,sleep
u_763a3450346d,2024-02-02,biblestudy
u_3cdca12ad83b,2024-02-03,sleep
u_2c11fe628586,2024-01-06,sleep
u_66af9c72c0cc,2024-02-24,sleep
u_7aa9b116e0ba,2024-01-06,sleep
u_c40f1f4e4d06,2024-02-12,biblestudy
u_07f3832bd801,2024-01-12,biblestudy
u_cca68b2de7df,2024-02-21,sleep
u_d4a9c4393456,2024-03-02,anxiety
u_7d88671e2210,2024-01-15,generic
u_a84eef46e127,2024-01-21,generic
u_39b7032837ed,2024-03-13,anxiety
u_73713b1cf3c4,2024-02-15,generic
u_d5e0be9870b4,2024-01-17,biblestudy
u_8c8f0d9e32e3,2024-02-26,anxiety
u_87d43dc861cc,2024-03-31,anxiety
u_8b5860cd8188,2024-03-13,generic
u_8e937ffd9323,2024-03-07,generic
u_d6c42ef3f7bf,2024-03-25,sleep
u_d9c219e2fd00,2024-03-23,generic
u_f468ba861406,2024-03-19,biblestudy
u_e3b7ced20ca8,2024-03-01,generic
u_93b13fabb6a8,2024-03-03,sleep
u_19e08079f0d8,2024-03-05,anxiety
u_243abd118d23,2024-01-31,anxiety
u_da31b1bdd245,2024-01-12,biblestudy
u_13a0bd329eb5,2024-03-04,sleep
u_8f2fdd27ae91,2024-01-05,sleep
u_82ef2ba3845b,2024-03-18,anxiety
u_1fd7805b7feb,2024-03-12,generic
u_0cf8c9732163,2024-02-16,generic
u_e5386591226a,2024-02-12,generic
u_ae0b4fabd8d9,2024-03-25,anxiety
u_47a79ea82262,2024-03-25,sleep
u_590c6238b408,2024-02-07,anxiety
u_cb0caa7e9f69,2024-01-22,biblestudy
u_a0cce14c4e4d,2024-02-22,biblestudy
u_eae07e336c88,2024-02-20,biblestudy
u_98b8ddcd9461,2024-02-13,sleep
u_3f767b0fbc4a,2024-03-27,generic
u_a97e05a9f123,2024-03-25,anxiety
u_d48c3bfba593,2024-01-01,sleep
u_5c58b3f947ed,2024-03-15,biblestudy
u_ade12c0d78b1,2024-01-23,sleep
u_6de85efbbfc3,2024-01-14,generic
u_e68487c4e615,2024-03-05,biblestudy
u_57558bf968ef,2024-03-29,biblestudy
u_34aaa5cae65a,2024-02-07,sleep
u_67107b61d0b0,2024-03-30,anxiety
u_977008331da7,2024-03-11,generic
u_f0af7bf7bfac,2024-03-21,anxiety
u_8db14e1c3872,2024-03-28,biblestudy
u_5c7b9c1747d1,2024-03-24,sleep
u_78ea398dd104,2024-03-22,anxiety
u_5a2d18fade0e,2024-03-02,generic
u_a8c26aff8782,2024-03-27,generic
u_9e8d6a358bf0,2024-02-24,anxiety
u_81dcfdad5db4,2024-01-19,sleep
u_30171c17a719,2024-01-21,anxiety
u_9bf9da6065f2,2024-01-08,sleep
u_29f99c309d2a,2024-01-05,biblestudy
u_d69fb6923854,2024-03-27,generic
u_3787e342d248,2024-03-12,biblestudy
u_d6c24dcdc56e,2024-03-30,generic
u_26eeac14cf13,2024-02-19,generic
u_332cbc1ecf88,2024-03-11,biblestudy
u_43715cdd88dd,2024-02-26,generic
u_c197a92d66bd,2024-03-23,biblestudy
u_e778b05f900a,2024-01-26,generic
u_80738932cc39,2024-01-23,sleep
u_6abbdb330a4f,2024-03-06,sleep
u_6555941c7026,2024-02-03,anxiety
u_008a602c6726,2024-02-12,generic
u_2b7cca6ebe0f,2024-02-11,biblestudy
u_ad635b570e47,2024-03-25,biblestudy
u_6e08d5b3ce01,2024-01-10,biblestudy
u_e80b564098ec,2024-01-24,biblestudy
u_864fae7c31a2,2024-03-10,sleep
